130,空中吊椅,成人票,28.00,4,月木游乐园管理员
134,摩天轮,成人票,12.00,4,一个快乐的小蚂蚁
135,水上漂流,成人票,26.00,5,一个快乐的小蚂蚁
137,过山车,成人票,18.00,3,一个快乐的小蚂蚁
138,过山车,儿童票,9.00,5,一个快乐的小蚂蚁
139,旋转飞艇,成人票,22.00,4,伟大祖国万岁
140,水上漂流,儿童票,13.00,5,伟大祖国万岁
141,海盗船,成人票,16.00,3,伟大祖国万岁
142,碰碰车,成人票,14.00,3,伟大祖国万岁
143,空中吊椅,成人票,28.00,4,伟大祖国万岁
144,空中吊椅,儿童票,14.00,3,伟大祖国万岁
146,飞椅,成人票,20.00,3,伟大祖国万岁
147,飞椅,儿童票,10.00,4,伟大祖国万岁
156,摩天轮,成人票,12.00,4,无所谓我会出手
157,旋转木马,成人票,10.00,4,无所谓我会出手
158,旋转飞艇,成人票,22.00,4,无所谓我会出手
159,水上漂流,成人票,26.00,4,无所谓我会出手
160,海盗船,成人票,16.00,4,无所谓我会出手
161,海盗船,儿童票,8.00,4,无所谓我会出手
162,空中吊椅,成人票,28.00,4,无所谓我会出手
164,过山车,成人票,18.00,7,无所谓我会出手
165,摩天轮,成人票,12.00,4,爱你的人在等你
166,旋转木马,成人票,10.00,4,爱你的人在等你
168,水上漂流,成人票,26.00,4,爱你的人在等你
169,海盗船,成人票,16.00,4,爱你的人在等你
170,摩天轮,成人票,12.00,5,我一直都在呢
171,旋转飞艇,成人票,22.00,3,我一直都在呢
172,碰碰车,成人票,14.00,1,我一直都在呢
173,摩天轮,成人票,12.00,3,我一直都在呢亚
175,旋转飞艇,儿童票,11.00,3,我一直都在呢亚
179,摩天轮,成人票,12.00,6,水至清则无鱼
180,水上漂流,成人票,26.00,4,水至清则无鱼
181,碰碰车,成人票,14.00,4,水至清则无鱼
182,空中吊椅,成人票,28.00,5,水至清则无鱼
184,过山车,成人票,18.00,5,水至清则无鱼
185,旋转飞艇,成人票,22.00,3,我的家我做主
186,水上漂流,成人票,26.00,3,我的家我做主
188,空中吊椅,成人票,28.00,4,我的家我做主
189,摩天轮,成人票,12.00,4,混沌天使
190,旋转飞艇,成人票,22.00,4,混沌天使
191,海盗船,成人票,16.00,4,混沌天使
192,海盗船,儿童票,8.00,5,混沌天使
193,空中吊椅,成人票,28.00,4,混沌天使
194,摩天轮,成人票,12.00,6,黑胡椒额度四季花城
195,水上漂流,成人票,26.00,5,黑胡椒额度四季花城
196,碰碰车,成人票,14.00,5,黑胡椒额度四季花城
197,空中吊椅,成人票,28.00,4,黑胡椒额度四季花城
198,旋转飞艇,成人票,22.00,3,黑胡椒额度四季花城
199,旋转飞艇,成人票,22.00,4,月木游乐园管理员
200,海盗船,成人票,16.00,2,月木游乐园管理员
201,水上漂流,成人票,26.00,2,月木游乐园管理员
202,旋转木马,成人票,10.00,4,月木游乐园管理员
207,摩天轮,成人票,12.00,3,温度计课件呢发动机
208,旋转木马,成人票,10.00,3,温度计课件呢发动机
209,水上漂流,成人票,26.00,3,温度计课件呢短信
210,马车,成人票,20.00,3,我的家我做主
211,马车,儿童票,10.00,3,我的家我做主
212,摩天轮,成人票,12.00,3,今天是我的生日
213,旋转木马,成人票,10.00,4,今天是我的生日
214,旋转飞艇,成人票,22.00,3,今天是我的生日
215,摩天轮,成人票,12.00,4,今天是你的
216,旋转木马,成人票,10.00,3,今天是你的
217,旋转木马,儿童票,5.00,3,今天是你的
218,旋转飞艇,成人票,22.00,4,今天是你的
219,跳楼机,成人票,24.00,1,月木游乐园管理员
220,跳楼机,儿童票,12.00,2,月木游乐园管理员
223,水上漂流,成人票,26.00,3,今天天气有点热
224,摩天轮,成人票,12.00,3,今天天气有点热
225,摩天轮,儿童票,6.00,3,今天天气有点热
226,旋转木马,成人票,10.00,4,今天天气有点热
228,旋转木马,成人票,10.00,3,好无聊啊吖
229,旋转飞艇,成人票,22.00,4,好无聊啊吖
230,海盗船,成人票,16.00,3,好无聊啊吖
